,mean_test_recall_score,mean_test_f1_score,mean_test_accuracy_score,mean_test_precision_score,mean_test_auc,mean_test_fbeta_score,mean_test_balanced_accuracy
0,0.7777777777777778,0.7307024443817807,0.7457457457457458,0.6893433691713938,0.7489489489489488,0.7678461781722082,0.748948948948949
