,test_auc,test_f1_score,test_fbeta_score,test_accuracy_score,test_balanced_accuracy,test_precision_score,test_recall_score
0,0.7833840841609987,0.59958071278826,0.6369710467706013,0.7263610315186246,0.705080774448144,0.55859375,0.6470588235294118
1,0.8281080879334155,0.6587301587301587,0.7106164383561644,0.7532281205164992,0.7459924233941702,0.6036363636363636,0.7248908296943232
2,0.7875303643724697,0.6264591439688717,0.646586345381526,0.7245337159253945,0.7081331533963113,0.602996254681648,0.6518218623481782
