,test_auc,test_f1_score,test_fbeta_score,test_accuracy_score,test_balanced_accuracy,test_precision_score,test_recall_score
0,0.7222067821132696,0.5530864197530864,0.6576629477392836,0.6643486323597589,0.6717378909810237,0.46138002059732236,0.6902927580893683
1,0.7366904251812787,0.5479814692256783,0.624340220177952,0.6833565136764024,0.6728112640079104,0.4753157290470723,0.646875
2,0.7383710739253613,0.5366820885657634,0.6033585971169564,0.6750115901715346,0.6601869025538594,0.4715447154471545,0.6226993865030674
