,test_auc,test_f1_score,test_fbeta_score,test_accuracy_score,test_balanced_accuracy,test_precision_score,test_recall_score
0,0.7278203294019122,0.5605282465150403,0.66101401626579,0.6668520578420467,0.6738636099285831,0.47102342786683105,0.6920289855072463
1,0.7374932840959827,0.533011272141707,0.617306975009325,0.6774193548387096,0.6670334243921634,0.45529573590096284,0.6427184466019418
2,0.7380634168496389,0.5714285714285715,0.6505190311418685,0.6861435726210351,0.6827609848386229,0.49604221635883905,0.6738351254480287
3,0.7296249517073317,0.5337620578778135,0.6036363636363636,0.6772398441847524,0.6618324467294718,0.46629213483146065,0.6240601503759399
