,test_auc,test_f1_score,test_fbeta_score,test_accuracy_score,test_balanced_accuracy,test_precision_score,test_recall_score
0,0.7079186122716475,0.5766016713091923,0.6424581005586593,0.6755602988260405,0.6720170803637258,0.5111111111111111,0.6613418530351438
1,0.7018037759584461,0.533715925394548,0.5724838411819021,0.6531483457844184,0.6361962443314971,0.49206349206349204,0.5830721003134797
2,0.6776233405211609,0.5379494007989347,0.6330303979943591,0.6292735042735043,0.637803642409914,0.452914798206278,0.6622950819672131
