,test_auc,test_f1_score,test_fbeta_score,test_accuracy_score,test_balanced_accuracy,test_precision_score,test_recall_score
0,0.7915595184281313,0.5683646112600534,0.5511074139544556,0.7512360939431397,0.6927543891514769,0.5915178571428571,0.5469556243550051
1,0.8004337990467514,0.5703664365374403,0.555958173723988,0.7499227202472952,0.6936008957845753,0.5894621295279913,0.5524691358024691
